{ 
    
    "ToyMouse-1": [
        {
            "shape": [ 106,34, 17.117116928100586,40.91891860961914, 7,27, 38.06306457519531,11.189189910888672, 55.85585403442383,3.306304931640625, 84,1, 97.74774932861328,7.810813903808594, 104.72972869873047,17.495494842529297 ]
        },
        {
            "shape": [ 7,27, 17.117116928100586,40.91891860961914, 6.53153133392334,31.009010314941406 ]
        },
        {
            "shape": [ 106,34, 104.27928161621094,40.91891860961914, 17.117116928100586,40.91891860961914 ]
        }
    ]
}
